<?xml version="1.0" encoding="utf-8"?>
<extension type="component" version="3.1">
	<name>Mailjet</name>
    <author>Mailjet SAS</author>
    <authorUrl>http://www.mailjet.com</authorUrl>
    <authorEmail>plugins@mailjet.com</authorEmail>
    <creationDate>June 2014</creationDate>
    <url>http://www.mailjet.com/</url>
    <version>3.1.2</version>
    <copyright>Copyright (C) 2014 Mailjet SAS.</copyright>
    <license>GNU General Public License version 2 or later; see LICENSE</license>
    <description>Mailjet Email component.</description>

    <scriptfile>installer.php</scriptfile>
    <files folder="front">
        <filename>mailjet.php</filename>
        <filename>controller.php</filename>
        <folder>models</folder>
	    <folder>views</folder>
    </files>

    <administration>
		<menu img="../administrator/components/com_mailjet/images/logo-16x16.png">COM_MAILJET_MENU</menu>
        <submenu>
            <menu view="mailjet" img="../administrator/components/com_mailjet/images/logo-16x16.png">COM_MAILJET_SETTINGS</menu>
            <menu view="contacts" img="../administrator/components/com_mailjet/images/logo-16x16.png">COM_MAILJET_CONTACTS</menu>
            <menu view="campaigns" img="../administrator/components/com_mailjet/images/logo-16x16.png">COM_MAILJET_CAMPAIGNS</menu>
            <menu view="statistics" img="../administrator/components/com_mailjet/images/logo-16x16.png">COM_MAILJET_STATS</menu>
        </submenu>
		<files folder="admin">
			<filename>mailjet.php</filename>
			<filename>controller.php</filename>
			<filename>config.php</filename>
			<folder>views</folder>
			<folder>models</folder>
            <folder>language</folder>
            <folder>images</folder>
            <folder>lib</folder>
            <folder>helpers</folder>
		</files>
	</administration>
</extension>
